[
    {
        "image": "../assets/chili.png",
        "name": "chili"
    },
    {
        "image": "../assets/grapes.png",
        "name": "grapes"
    },
    {
        "image": "../assets/lemon.png",
        "name": "lemon"
    },
    {
        "image": "../assets/orange.png",
        "name": "orange"
    },
    {
        "image": "../assets/pineapple.png",
        "name": "pineapple"
    },
    {
        "image": "../assets/strawberry.png",
        "name": "strawberry"
    },
    {
        "image": "../assets/tomato.png",
        "name": "tomato"
    },
    {
        "image": "../assets/watermelon.png",
        "name": "watermelon"
    },
    {
        "image": "../assets/cherries.png",
        "name": "cherries"
    }
]